VOCABULARY_ID,DOMAIN_ID,CONCEPT_CLASS_ID,STANDARD_CONCEPT,INVALID_REASON,RELATIONSHIP_ID,CONCEPT_COUNT,TOTAL_COUNT,CONCEPT_COUNT_LOG
ABMS,Provider Specialty,Specialty,S,NA,NA,97,97,1.9868
ABMS,Provider Specialty,Specialty,NA,U,NA,1,1,0.0000
ATC,Drug,ATC 1st,C,NA,NA,14,14,1.1461
ATC,Drug,ATC 2nd,C,NA,NA,94,94,1.9731
ATC,Drug,ATC 3rd,C,NA,NA,267,267,2.4265
ATC,Drug,ATC 4th,C,NA,NA,886,886,2.9474
ATC,Drug,ATC 4th,NA,D,NA,1,1,0.0000
ATC,Drug,ATC 5th,C,NA,Maps to,2849,2849,3.4547
ATC,Drug,ATC 5th,C,NA,NA,2040,2040,3.3096
ATC,Drug,ATC 5th,NA,D,Maps to,21,21,1.3222
ATC,Drug,ATC 5th,NA,D,NA,39,39,1.5911
Concept Class,Metadata,Concept Class,NA,D,NA,9,9,0.9542
Concept Class,Metadata,Concept Class,NA,NA,NA,323,323,2.5092
Condition Type,Type Concept,Condition Type,S,NA,NA,103,103,2.0128
Cost,Cost,Detail,S,NA,NA,24,24,1.3802
Cost,Cost,Summary,S,NA,NA,27,27,1.4314
Cost Type,Type Concept,Cost Type,NA,D,NA,3,3,0.4771
Cost Type,Type Concept,Type Concept,S,NA,NA,3,3,0.4771
Currency,Currency,Currency,S,NA,NA,180,180,2.2553
Death Type,Type Concept,Death Type,S,NA,NA,14,14,1.1461
Device Type,Type Concept,Device Type,S,NA,NA,4,4,0.6021
Domain,Metadata,Domain,NA,U,NA,11,11,1.0414
Domain,Metadata,Domain,NA,NA,NA,49,49,1.6902
DRG,Observation,DRG,NA,D,NA,604,604,2.7810
DRG,Observation,MS-DRG,S,NA,NA,752,752,2.8762
DRG,Observation,MS-DRG,NA,D,NA,6,6,0.7782
Drug Type,Type Concept,Drug Type,S,NA,NA,16,16,1.2041
Ethnicity,Ethnicity,Ethnicity,S,NA,NA,2,2,0.3010
Gender,Gender,Gender,S,NA,NA,2,2,0.3010
Gender,Gender,Gender,NA,D,NA,3,3,0.4771
HCPCS,Condition,HCPCS Modifier,NA,NA,Maps to,1,1,0.0000
HCPCS,Device,HCPCS,S,NA,Mapped from,23,24,1.3617
HCPCS,Device,HCPCS,S,NA,NA,3022,3022,3.4803
HCPCS,Device,HCPCS,NA,D,NA,341,341,2.5328
HCPCS,Device,HCPCS,NA,U,Maps to,20,20,1.3010
HCPCS,Device,HCPCS,NA,NA,NA,18,18,1.2553
HCPCS,Device,HCPCS Class,NA,D,NA,7,7,0.8451
HCPCS,Device,HCPCS Modifier,S,NA,NA,42,42,1.6232
HCPCS,Drug,HCPCS,S,NA,NA,36,36,1.5563
HCPCS,Drug,HCPCS,NA,D,Maps to,3,4,0.4771
HCPCS,Drug,HCPCS,NA,U,Maps to,97,102,1.9868
HCPCS,Drug,HCPCS,NA,NA,Maps to,1032,1141,3.0137
HCPCS,Drug,HCPCS,NA,NA,NA,2,2,0.3010
HCPCS,Measurement,HCPCS,S,NA,NA,83,83,1.9191
HCPCS,Measurement,HCPCS,NA,D,Maps to,1,1,0.0000
HCPCS,Measurement,HCPCS,NA,NA,NA,35,35,1.5441
HCPCS,Measurement,HCPCS Modifier,S,NA,NA,8,8,0.9031
HCPCS,Observation,HCPCS,S,NA,Mapped from,1,1,0.0000
HCPCS,Observation,HCPCS,S,NA,NA,1281,1281,3.1075
HCPCS,Observation,HCPCS,NA,D,NA,1,1,0.0000
HCPCS,Observation,HCPCS,NA,U,Maps to,2,2,0.3010
HCPCS,Observation,HCPCS,NA,NA,NA,87,87,1.9395
HCPCS,Observation,HCPCS Class,NA,D,NA,39,39,1.5911
HCPCS,Observation,HCPCS Modifier,S,NA,NA,300,300,2.4771
HCPCS,Observation,HCPCS Modifier,NA,NA,NA,5,5,0.6990
HCPCS,Procedure,HCPCS,S,NA,Mapped from,2,2,0.3010
HCPCS,Procedure,HCPCS,S,NA,NA,1308,1308,3.1166
HCPCS,Procedure,HCPCS,NA,D,Maps to,17,17,1.2304
HCPCS,Procedure,HCPCS,NA,D,NA,219,219,2.3404
HCPCS,Procedure,HCPCS,NA,U,Maps to,2,2,0.3010
HCPCS,Procedure,HCPCS,NA,NA,Maps to,1,1,0.0000
HCPCS,Procedure,HCPCS,NA,NA,NA,195,195,2.2900
HCPCS,Procedure,HCPCS Class,NA,D,NA,60,60,1.7782
HCPCS,Procedure,HCPCS Modifier,S,NA,NA,2,2,0.3010
ICD10,Condition,ICD10 code,NA,D,Maps to,407,411,2.6096
ICD10,Condition,ICD10 code,NA,D,NA,365,365,2.5623
ICD10,Condition,ICD10 code,NA,U,NA,225,225,2.3522
ICD10,Condition,ICD10 code,NA,NA,Maps to,11402,11696,4.0570
ICD10,Condition,ICD10 code,NA,NA,NA,227,227,2.3560
ICD10,Condition,ICD10 Hierarchy,NA,D,Maps to,1,1,0.0000
ICD10,Condition,ICD10 Hierarchy,NA,NA,Maps to,1624,1638,3.2106
ICD10,Condition,ICD10 Hierarchy,NA,NA,NA,31,31,1.4914
ICD10,Measurement,ICD10 code,NA,U,NA,1,1,0.0000
ICD10,Measurement,ICD10 code,NA,NA,Maps to,111,111,2.0453
ICD10,Measurement,ICD10 Hierarchy,NA,NA,Maps to,21,21,1.3222
ICD10,Observation,ICD10 code,NA,D,Maps to,10,10,1.0000
ICD10,Observation,ICD10 code,NA,D,NA,3,3,0.4771
ICD10,Observation,ICD10 code,NA,U,NA,4,4,0.6021
ICD10,Observation,ICD10 code,NA,NA,Maps to,1280,1352,3.1072
ICD10,Observation,ICD10 code,NA,NA,NA,31,31,1.4914
ICD10,Observation,ICD10 Hierarchy,NA,NA,Maps to,349,364,2.5428
ICD10,Observation,ICD10 Hierarchy,NA,NA,NA,5,5,0.6990
ICD10,Procedure,ICD10 code,NA,U,NA,8,8,0.9031
ICD10,Procedure,ICD10 code,NA,NA,Maps to,197,198,2.2945
ICD10,Procedure,ICD10 Hierarchy,NA,NA,Maps to,19,19,1.2788
ICD10CM,Condition,3-char billing code,NA,D,NA,31,31,1.4914
ICD10CM,Condition,3-char billing code,NA,NA,Maps to,214,216,2.3304
ICD10CM,Condition,3-char nonbill code,NA,NA,Maps to,1384,1436,3.1411
ICD10CM,Condition,4-char billing code,NA,D,NA,39,39,1.5911
ICD10CM,Condition,4-char billing code,NA,NA,Maps to,5051,5198,3.7034
ICD10CM,Condition,4-char nonbill code,NA,D,Maps to,1,1,0.0000
ICD10CM,Condition,4-char nonbill code,NA,NA,Maps to,3243,3449,3.5109
ICD10CM,Condition,5-char billing code,NA,D,Maps to,17,17,1.2304
ICD10CM,Condition,5-char billing code,NA,D,NA,171,171,2.2330
ICD10CM,Condition,5-char billing code,NA,NA,Maps to,5946,6721,3.7742
ICD10CM,Condition,5-char nonbill code,NA,D,Maps to,3,3,0.4771
ICD10CM,Condition,5-char nonbill code,NA,NA,Maps to,6090,6980,3.7846
ICD10CM,Condition,6-char billing code,NA,D,Maps to,8,8,0.9031
ICD10CM,Condition,6-char billing code,NA,D,NA,247,247,2.3927
ICD10CM,Condition,6-char billing code,NA,NA,Maps to,9207,11309,3.9641
ICD10CM,Condition,6-char nonbill code,NA,D,Maps to,23,23,1.3617
ICD10CM,Condition,6-char nonbill code,NA,NA,Maps to,8975,10397,3.9530
ICD10CM,Condition,7-char billing code,NA,D,Maps to,223,241,2.3483
ICD10CM,Condition,7-char billing code,NA,D,NA,14085,14085,4.1488
ICD10CM,Condition,7-char billing code,NA,NA,Maps to,46031,58977,4.6631
ICD10CM,Condition/Device,4-char billing code,NA,D,NA,1,1,0.0000
ICD10CM,Condition/Meas,3-char billing code,NA,D,NA,1,1,0.0000
ICD10CM,Condition/Meas,7-char billing code,NA,D,NA,77,77,1.8865
ICD10CM,Device,4-char billing code,NA,NA,Maps to,4,4,0.6021
ICD10CM,Measurement,3-char billing code,NA,D,NA,1,1,0.0000
ICD10CM,Measurement,3-char nonbill code,NA,NA,Maps to,12,12,1.0792
ICD10CM,Measurement,4-char billing code,NA,NA,Maps to,20,20,1.3010
ICD10CM,Measurement,4-char nonbill code,NA,NA,Maps to,8,8,0.9031
ICD10CM,Measurement,5-char billing code,NA,NA,Maps to,14,14,1.1461
ICD10CM,Observation,3-char billing code,NA,NA,Maps to,8,8,0.9031
ICD10CM,Observation,3-char nonbill code,NA,NA,Maps to,271,278,2.4330
ICD10CM,Observation,4-char billing code,NA,D,NA,18,18,1.2553
ICD10CM,Observation,4-char billing code,NA,NA,Maps to,288,303,2.4594
ICD10CM,Observation,4-char nonbill code,NA,D,Maps to,2,2,0.3010
ICD10CM,Observation,4-char nonbill code,NA,NA,Maps to,1202,1218,3.0799
ICD10CM,Observation,5-char billing code,NA,D,NA,11,11,1.0414
ICD10CM,Observation,5-char billing code,NA,NA,Maps to,441,497,2.6444
ICD10CM,Observation,5-char nonbill code,NA,D,Maps to,12,12,1.0792
ICD10CM,Observation,5-char nonbill code,NA,NA,Maps to,881,898,2.9450
ICD10CM,Observation,6-char billing code,NA,D,NA,20,20,1.3010
ICD10CM,Observation,6-char billing code,NA,NA,Maps to,477,489,2.6785
ICD10CM,Observation,6-char nonbill code,NA,D,Maps to,2,4,0.3010
ICD10CM,Observation,6-char nonbill code,NA,NA,Maps to,362,362,2.5587
ICD10CM,Observation,7-char billing code,NA,D,Maps to,68,142,1.8325
ICD10CM,Observation,7-char billing code,NA,D,NA,196,196,2.2923
ICD10CM,Observation,7-char billing code,NA,NA,Maps to,3981,4024,3.6000
ICD10CM,Procedure,3-char billing code,NA,D,NA,3,3,0.4771
ICD10CM,Procedure,3-char billing code,NA,NA,Maps to,1,1,0.0000
ICD10CM,Procedure,3-char nonbill code,NA,NA,Maps to,20,20,1.3010
ICD10CM,Procedure,4-char billing code,NA,NA,Maps to,89,89,1.9494
ICD10CM,Procedure,4-char nonbill code,NA,NA,Maps to,43,43,1.6335
ICD10CM,Procedure,5-char billing code,NA,D,NA,2,2,0.3010
ICD10CM,Procedure,5-char billing code,NA,NA,Maps to,97,97,1.9868
ICD10CM,Procedure,5-char nonbill code,NA,NA,Maps to,21,21,1.3222
ICD10CM,Procedure,6-char billing code,NA,NA,Maps to,63,63,1.7993
ICD10PCS,Procedure,ICD10PCS,S,NA,NA,79578,79578,4.9008
ICD10PCS,Procedure,ICD10PCS Hierarchy,S,NA,NA,107861,107861,5.0329
ICD10PCS,Procedure,ICD10PCS Hierarchy,NA,D,NA,13,13,1.1139
ICD9CM,Condition,3-dig billing code,NA,NA,Maps to,92,92,1.9638
ICD9CM,Condition,3-dig billing E code,NA,NA,Maps to,20,20,1.3010
ICD9CM,Condition,3-dig billing V code,NA,NA,Maps to,1,1,0.0000
ICD9CM,Condition,3-dig nonbill code,NA,NA,Maps to,827,827,2.9175
ICD9CM,Condition,3-dig nonbill E code,NA,NA,Maps to,51,51,1.7076
ICD9CM,Condition,3-dig nonbill V code,NA,NA,Maps to,30,30,1.4771
ICD9CM,Condition,4-dig billing code,NA,NA,Maps to,3801,3957,3.5799
ICD9CM,Condition,4-dig billing code,NA,NA,NA,5,5,0.6990
ICD9CM,Condition,4-dig billing E code,NA,NA,Maps to,665,1067,2.8228
ICD9CM,Condition,4-dig billing V code,NA,NA,Maps to,137,174,2.1367
ICD9CM,Condition,4-dig nonbill code,NA,NA,Maps to,1708,1937,3.2325
ICD9CM,Condition,4-dig nonbill V code,NA,NA,Maps to,40,54,1.6021
ICD9CM,Condition,5-dig billing code,NA,NA,Maps to,8135,9923,3.9104
ICD9CM,Condition,5-dig billing code,NA,NA,NA,6,6,0.7782
ICD9CM,Condition,5-dig billing V code,NA,NA,Maps to,138,200,2.1399
ICD9CM,Condition,ICD9CM code,NA,D,Maps to,3,3,0.4771
ICD9CM,Condition,ICD9CM V code,NA,U,NA,137,137,2.1367
ICD9CM,Condition/Meas,ICD9CM V code,NA,U,NA,33,33,1.5185
ICD9CM,Condition/Procedure,ICD9CM V code,NA,U,NA,19,19,1.2788
ICD9CM,Meas/Procedure,ICD9CM V code,NA,U,NA,22,22,1.3424
ICD9CM,Measurement,3-dig nonbill code,NA,NA,Maps to,2,2,0.3010
ICD9CM,Measurement,3-dig nonbill V code,NA,NA,Maps to,2,2,0.3010
ICD9CM,Measurement,4-dig billing code,NA,NA,Maps to,19,19,1.2788
ICD9CM,Measurement,4-dig billing V code,NA,NA,Maps to,6,6,0.7782
ICD9CM,Measurement,4-dig nonbill code,NA,NA,Maps to,9,9,0.9542
ICD9CM,Measurement,4-dig nonbill V code,NA,NA,Maps to,2,2,0.3010
ICD9CM,Measurement,5-dig billing code,NA,NA,Maps to,26,26,1.4150
ICD9CM,Measurement,5-dig billing V code,NA,NA,Maps to,9,9,0.9542
ICD9CM,Measurement,ICD9CM V code,NA,U,NA,13,13,1.1139
ICD9CM,Observation,3-dig billing E code,NA,NA,Maps to,24,24,1.3802
ICD9CM,Observation,3-dig nonbill code,NA,NA,Maps to,3,3,0.4771
ICD9CM,Observation,3-dig nonbill E code,NA,NA,Maps to,120,120,2.0792
ICD9CM,Observation,3-dig nonbill V code,NA,NA,Maps to,35,35,1.5441
ICD9CM,Observation,4-dig billing code,NA,NA,Maps to,13,13,1.1139
ICD9CM,Observation,4-dig billing E code,NA,NA,Maps to,581,581,2.7642
ICD9CM,Observation,4-dig billing V code,NA,NA,Maps to,202,203,2.3054
ICD9CM,Observation,4-dig nonbill code,NA,NA,Maps to,7,7,0.8451
ICD9CM,Observation,4-dig nonbill V code,NA,NA,Maps to,88,89,1.9445
ICD9CM,Observation,5-dig billing code,NA,NA,Maps to,18,18,1.2553
ICD9CM,Observation,5-dig billing V code,NA,NA,Maps to,389,403,2.5899
ICD9CM,Observation,ICD9CM code,NA,D,Maps to,9,12,0.9542
ICD9CM,Observation,ICD9CM V code,NA,U,NA,570,570,2.7559
ICD9CM,Procedure,3-dig nonbill code,NA,NA,Maps to,4,4,0.6021
ICD9CM,Procedure,3-dig nonbill V code,NA,NA,Maps to,22,22,1.3424
ICD9CM,Procedure,4-dig billing code,NA,NA,Maps to,25,25,1.3979
ICD9CM,Procedure,4-dig billing E code,NA,NA,Maps to,1,1,0.0000
ICD9CM,Procedure,4-dig billing V code,NA,NA,Maps to,129,131,2.1106
ICD9CM,Procedure,4-dig nonbill code,NA,NA,Maps to,6,6,0.7782
ICD9CM,Procedure,4-dig nonbill V code,NA,NA,Maps to,29,30,1.4624
ICD9CM,Procedure,5-dig billing code,NA,NA,Maps to,27,27,1.4314
ICD9CM,Procedure,5-dig billing V code,NA,NA,Maps to,98,103,1.9912
ICD9CM,Procedure,ICD9CM V code,NA,U,NA,314,314,2.4969
ICD9Proc,Procedure,2-dig nonbill code,S,NA,NA,56,56,1.7482
ICD9Proc,Procedure,2-dig nonbill code,NA,NA,Maps to,44,44,1.6435
ICD9Proc,Procedure,3-dig billing code,S,NA,NA,60,60,1.7782
ICD9Proc,Procedure,3-dig billing code,NA,NA,Maps to,161,161,2.2068
ICD9Proc,Procedure,3-dig nonbill code,S,NA,NA,382,382,2.5821
ICD9Proc,Procedure,3-dig nonbill code,NA,NA,Maps to,286,286,2.4564
ICD9Proc,Procedure,3-dig nonbill code,NA,NA,NA,1,1,0.0000
ICD9Proc,Procedure,4-dig billing code,S,NA,NA,1794,1794,3.2538
ICD9Proc,Procedure,4-dig billing code,NA,NA,Maps to,1863,1863,3.2702
ICD9Proc,Procedure,4-dig billing code,NA,NA,NA,4,4,0.6021
ICD9Proc,Procedure,Procedure,S,NA,NA,5,5,0.6990
ICD9Proc,Procedure,Procedure,NA,NA,Maps to,1,1,0.0000
LOINC,Measurement,Clinical Observation,S,NA,Mapped from,473,520,2.6749
LOINC,Measurement,Clinical Observation,S,NA,NA,21525,21525,4.3329
LOINC,Measurement,Clinical Observation,NA,D,NA,501,501,2.6998
LOINC,Measurement,Clinical Observation,NA,U,Maps to,496,496,2.6955
LOINC,Measurement,Lab Test,S,NA,Mapped from,1936,2142,3.2869
LOINC,Measurement,Lab Test,S,NA,NA,49990,49990,4.6989
LOINC,Measurement,Lab Test,NA,D,NA,689,689,2.8382
LOINC,Measurement,Lab Test,NA,U,Maps to,2143,2143,3.3310
LOINC,Measurement,LOINC Class,C,NA,NA,203,203,2.3075
LOINC,Measurement,LOINC Document Type,C,NA,NA,112,112,2.0492
LOINC,Measurement,LOINC Hierarchy,C,NA,NA,37329,37329,4.5720
LOINC,Measurement,LOINC Hierarchy,NA,D,NA,435,435,2.6385
LOINC,Meas Value,Answer,S,NA,NA,15964,15964,4.2031
LOINC,Meas Value,Doc Kind,S,NA,NA,66,66,1.8195
LOINC,Meas Value,Doc Role,S,NA,NA,23,23,1.3617
LOINC,Meas Value,Doc Setting,S,NA,NA,18,18,1.2553
LOINC,Meas Value,Doc Subject Matter,S,NA,NA,137,137,2.1367
LOINC,Meas Value,Doc Type of Service,S,NA,NA,135,135,2.1303
LOINC,Observation,Claims Attachment,S,NA,Mapped from,12,13,1.0792
LOINC,Observation,Claims Attachment,S,NA,NA,1222,1222,3.0871
LOINC,Observation,Claims Attachment,NA,D,NA,20,20,1.3010
LOINC,Observation,Claims Attachment,NA,U,Maps to,32,32,1.5051
LOINC,Observation,LOINC Class,C,NA,NA,97,97,1.9868
LOINC,Observation,LOINC Document Type,C,NA,NA,10,10,1.0000
LOINC,Observation,LOINC Hierarchy,C,NA,NA,1993,1993,3.2995
LOINC,Observation,Survey,S,NA,Mapped from,33,39,1.5185
LOINC,Observation,Survey,S,NA,NA,8418,8418,3.9252
LOINC,Observation,Survey,NA,D,NA,330,330,2.5185
LOINC,Observation,Survey,NA,U,Maps to,43,43,1.6335
Meas Type,Type Concept,Meas Type,S,NA,NA,8,8,0.9031
NDC,Device,Device,S,NA,NA,8240,8240,3.9159
NDC,Device,Device,NA,D,Maps to,2,2,0.3010
NDC,Device,Device,NA,D,NA,211,211,2.3243
NDC,Drug,11-digit NDC,NA,D,Maps to,290494,290494,5.4631
NDC,Drug,11-digit NDC,NA,D,NA,7770,7770,3.8904
NDC,Drug,11-digit NDC,NA,NA,Maps to,263837,263837,5.4213
NDC,Drug,11-digit NDC,NA,NA,NA,80727,80727,4.9070
NDC,Drug,9-digit NDC,NA,NA,Maps to,108545,108545,5.0356
NDC,Drug,9-digit NDC,NA,NA,NA,81619,81619,4.9118
NDFRT,Drug,Chemical Structure,C,NA,NA,10474,10474,4.0201
NDFRT,Drug,Chemical Structure,NA,D,NA,86,86,1.9345
NDFRT,Drug,Dose Form,NA,D,NA,25,25,1.3979
NDFRT,Drug,Dose Form,NA,NA,NA,192,192,2.2833
NDFRT,Drug,Drug Interaction,NA,D,NA,10843,10843,4.0351
NDFRT,Drug,Ind / CI,C,NA,NA,4873,4873,3.6878
NDFRT,Drug,Ind / CI,NA,D,NA,65,65,1.8129
NDFRT,Drug,Mechanism of Action,C,NA,NA,628,628,2.7980
NDFRT,Drug,Mechanism of Action,NA,D,NA,10,10,1.0000
NDFRT,Drug,Pharmacologic Class,C,NA,NA,625,625,2.7959
NDFRT,Drug,Pharmacologic Class,NA,D,NA,1,1,0.0000
NDFRT,Drug,Pharma Preparation,NA,D,NA,29,29,1.4624
NDFRT,Drug,Pharma Preparation,NA,NA,NA,7679,7679,3.8853
NDFRT,Drug,Physiologic Effect,C,NA,NA,1866,1866,3.2709
NDFRT,Drug,PK,C,NA,NA,59,59,1.7709
NDFRT,Drug,Therapeutic Class,C,NA,NA,30,30,1.4771
NDFRT,Metadata,Pharma Preparation,NA,NA,NA,1,1,0.0000
None,Metadata,Undefined,NA,NA,NA,1,1,0.0000
Note Type,Type Concept,Note Type,S,NA,NA,10,10,1.0000
NUCC,Provider Specialty,NUCC,S,NA,NA,845,845,2.9269
NUCC,Provider Specialty,NUCC,NA,D,NA,5,5,0.6990
NUCC,Provider Specialty,NUCC,NA,U,NA,5,5,0.6990
Observation Type,Type Concept,Observation Type,S,NA,NA,15,15,1.1761
Obs Period Type,Type Concept,Obs Period Type,S,NA,NA,6,6,0.7782
PHDSC,Payer,Payer,S,NA,NA,158,158,2.1987
PHDSC,Payer,Payer,NA,NA,NA,4,4,0.6021
Place of Service,Visit,Place of Service,S,NA,Mapped from,16,224,1.2041
Place of Service,Visit,Place of Service,S,NA,NA,44,44,1.6435
Plan,Plan,Benefit,S,NA,NA,6,6,0.7782
Plan,Plan,Metal level,S,NA,NA,5,5,0.6990
Plan Stop Reason,Plan Stop Reason,Plan Stop Reason,S,NA,NA,13,13,1.1139
Procedure Type,Type Concept,Procedure Type,S,NA,NA,97,97,1.9868
Race,Race,Race,S,NA,NA,50,50,1.6990
Race,Race,Race,NA,D,NA,3,3,0.4771
Relationship,Metadata,Relationship,S,NA,NA,12,12,1.0792
Relationship,Metadata,Relationship,NA,D,NA,2,2,0.3010
Relationship,Metadata,Relationship,NA,U,NA,4,4,0.6021
Relationship,Metadata,Relationship,NA,NA,NA,480,480,2.6812
Revenue Code,Revenue Code,Revenue Code,S,NA,NA,538,538,2.7308
RxNorm,Drug,Branded Dose Group,C,NA,NA,21071,21071,4.3237
RxNorm,Drug,Branded Dose Group,NA,D,NA,812,812,2.9096
RxNorm,Drug,Branded Dose Group,NA,U,Maps to,1,1,0.0000
RxNorm,Drug,Branded Drug,S,NA,Mapped from,14567,97675,4.1634
RxNorm,Drug,Branded Drug,S,NA,NA,5770,5770,3.7612
RxNorm,Drug,Branded Drug,NA,D,Maps to,180,180,2.2553
RxNorm,Drug,Branded Drug,NA,D,NA,3447,3447,3.5374
RxNorm,Drug,Branded Drug,NA,U,Maps to,13081,13081,4.1166
RxNorm,Drug,Branded Drug,NA,NA,Maps to,6,6,0.7782
RxNorm,Drug,Branded Drug Comp,S,NA,Mapped from,6110,7794,3.7860
RxNorm,Drug,Branded Drug Comp,S,NA,NA,12955,12955,4.1124
RxNorm,Drug,Branded Drug Comp,NA,D,Maps to,8,8,0.9031
RxNorm,Drug,Branded Drug Comp,NA,D,NA,7847,7847,3.8947
RxNorm,Drug,Branded Drug Comp,NA,U,Maps to,7285,7285,3.8624
RxNorm,Drug,Branded Drug Form,S,NA,Mapped from,3191,4733,3.5039
RxNorm,Drug,Branded Drug Form,S,NA,NA,11533,11533,4.0619
RxNorm,Drug,Branded Drug Form,NA,D,Maps to,2,2,0.3010
RxNorm,Drug,Branded Drug Form,NA,D,NA,6660,6660,3.8235
RxNorm,Drug,Branded Drug Form,NA,U,Maps to,3777,3777,3.5771
RxNorm,Drug,Branded Pack,S,NA,Mapped from,579,2491,2.7627
RxNorm,Drug,Branded Pack,S,NA,NA,42,42,1.6232
RxNorm,Drug,Branded Pack,NA,D,NA,350,350,2.5441
RxNorm,Drug,Branded Pack,NA,U,Maps to,5,5,0.6990
RxNorm,Drug,Brand Name,NA,D,NA,6047,6047,3.7815
RxNorm,Drug,Brand Name,NA,U,Maps to,10,10,1.0000
RxNorm,Drug,Brand Name,NA,U,NA,358,358,2.5539
RxNorm,Drug,Brand Name,NA,NA,NA,12105,12105,4.0830
RxNorm,Drug,Clinical Dose Group,C,NA,NA,16399,16399,4.2148
RxNorm,Drug,Clinical Dose Group,NA,D,NA,297,297,2.4728
RxNorm,Drug,Clinical Dose Group,NA,U,NA,7,7,0.8451
RxNorm,Drug,Clinical Drug,S,NA,Mapped from,20318,607879,4.3079
RxNorm,Drug,Clinical Drug,S,NA,NA,14106,14106,4.1494
RxNorm,Drug,Clinical Drug,NA,D,Maps to,296,296,2.4713
RxNorm,Drug,Clinical Drug,NA,D,NA,5079,5079,3.7058
RxNorm,Drug,Clinical Drug,NA,U,Maps to,9880,9882,3.9948
RxNorm,Drug,Clinical Drug,NA,U,NA,1,1,0.0000
RxNorm,Drug,Clinical Drug,NA,NA,Maps to,6,6,0.7782
RxNorm,Drug,Clinical Drug Comp,S,NA,Mapped from,4315,5873,3.6350
RxNorm,Drug,Clinical Drug Comp,S,NA,NA,22854,22854,4.3590
RxNorm,Drug,Clinical Drug Comp,NA,D,Maps to,2,2,0.3010
RxNorm,Drug,Clinical Drug Comp,NA,D,NA,5246,5246,3.7198
RxNorm,Drug,Clinical Drug Comp,NA,U,Maps to,3445,3445,3.5372
RxNorm,Drug,Clinical Drug Form,S,NA,Mapped from,3293,5608,3.5176
RxNorm,Drug,Clinical Drug Form,S,NA,NA,11517,11517,4.0613
RxNorm,Drug,Clinical Drug Form,NA,D,NA,2729,2729,3.4360
RxNorm,Drug,Clinical Drug Form,NA,U,Maps to,2098,2098,3.3218
RxNorm,Drug,Clinical Drug Form,NA,U,NA,1,1,0.0000
RxNorm,Drug,Clinical Pack,S,NA,Mapped from,243,2147,2.3856
RxNorm,Drug,Clinical Pack,S,NA,NA,317,317,2.5011
RxNorm,Drug,Clinical Pack,NA,D,NA,221,221,2.3444
RxNorm,Drug,Clinical Pack,NA,U,Maps to,7,7,0.8451
RxNorm,Drug,Dose Form,NA,D,NA,13,13,1.1139
RxNorm,Drug,Dose Form,NA,NA,NA,176,176,2.2455
RxNorm,Drug,Dose Form Group,C,NA,NA,45,45,1.6532
RxNorm,Drug,Ingredient,S,NA,Mapped from,4403,16354,3.6437
RxNorm,Drug,Ingredient,S,NA,NA,7521,7521,3.8763
RxNorm,Drug,Ingredient,NA,D,NA,544,544,2.7356
RxNorm,Drug,Ingredient,NA,U,Maps to,648,648,2.8116
RxNorm,Drug,Precise Ingredient,NA,D,Maps to,2,2,0.3010
RxNorm,Drug,Precise Ingredient,NA,D,NA,4,4,0.6021
RxNorm,Drug,Precise Ingredient,NA,U,Maps to,5,5,0.6990
RxNorm,Drug,Precise Ingredient,NA,NA,Maps to,2770,2770,3.4425
RxNorm,Drug,Quant Branded Drug,S,NA,Mapped from,2153,15465,3.3330
RxNorm,Drug,Quant Branded Drug,S,NA,NA,153,153,2.1847
RxNorm,Drug,Quant Branded Drug,NA,D,Maps to,2,2,0.3010
RxNorm,Drug,Quant Branded Drug,NA,D,NA,83,83,1.9191
RxNorm,Drug,Quant Branded Drug,NA,U,Maps to,143,143,2.1553
RxNorm,Drug,Quant Clinical Drug,S,NA,Mapped from,1982,36097,3.2971
RxNorm,Drug,Quant Clinical Drug,S,NA,NA,832,832,2.9201
RxNorm,Drug,Quant Clinical Drug,NA,D,Maps to,3,3,0.4771
RxNorm,Drug,Quant Clinical Drug,NA,D,NA,199,199,2.2989
RxNorm,Drug,Quant Clinical Drug,NA,U,Maps to,87,87,1.9395
RxNorm Extension,Drug,Branded Drug,S,NA,Mapped from,9641,12449,3.9841
RxNorm Extension,Drug,Branded Drug,S,NA,NA,132502,132502,5.1222
RxNorm Extension,Drug,Branded Drug,NA,D,Maps to,34,34,1.5315
RxNorm Extension,Drug,Branded Drug,NA,D,NA,908,908,2.9581
RxNorm Extension,Drug,Branded Drug,NA,U,Maps to,19267,19267,4.2848
RxNorm Extension,Drug,Branded Drug,NA,U,NA,74,74,1.8692
RxNorm Extension,Drug,Branded Drug Box,S,NA,Mapped from,8402,10461,3.9244
RxNorm Extension,Drug,Branded Drug Box,S,NA,NA,191023,191023,5.2811
RxNorm Extension,Drug,Branded Drug Box,NA,D,Maps to,20,20,1.3010
RxNorm Extension,Drug,Branded Drug Box,NA,D,NA,2052,2052,3.3122
RxNorm Extension,Drug,Branded Drug Box,NA,U,Maps to,16107,16107,4.2070
RxNorm Extension,Drug,Branded Drug Box,NA,U,NA,33,33,1.5185
RxNorm Extension,Drug,Branded Drug Comp,S,NA,Mapped from,8779,11148,3.9434
RxNorm Extension,Drug,Branded Drug Comp,S,NA,NA,109561,109561,5.0397
RxNorm Extension,Drug,Branded Drug Comp,NA,D,Maps to,37,37,1.5682
RxNorm Extension,Drug,Branded Drug Comp,NA,D,NA,2494,2494,3.3969
RxNorm Extension,Drug,Branded Drug Comp,NA,U,Maps to,16833,16833,4.2262
RxNorm Extension,Drug,Branded Drug Comp,NA,U,NA,72,72,1.8573
RxNorm Extension,Drug,Branded Drug Comp,NA,NA,NA,39,39,1.5911
RxNorm Extension,Drug,Branded Drug Form,S,NA,Mapped from,7510,10350,3.8756
RxNorm Extension,Drug,Branded Drug Form,S,NA,NA,87673,87673,4.9429
RxNorm Extension,Drug,Branded Drug Form,NA,D,Maps to,32,32,1.5051
RxNorm Extension,Drug,Branded Drug Form,NA,D,NA,269,269,2.4298
RxNorm Extension,Drug,Branded Drug Form,NA,U,Maps to,17350,17350,4.2393
RxNorm Extension,Drug,Branded Drug Form,NA,U,NA,125,125,2.0969
RxNorm Extension,Drug,Branded Pack,S,NA,Mapped from,118,145,2.0719
RxNorm Extension,Drug,Branded Pack,S,NA,NA,857,857,2.9330
RxNorm Extension,Drug,Branded Pack,NA,D,Maps to,159,159,2.2014
RxNorm Extension,Drug,Branded Pack,NA,D,NA,78,78,1.8921
RxNorm Extension,Drug,Branded Pack,NA,U,Maps to,95,95,1.9777
RxNorm Extension,Drug,Branded Pack,NA,U,NA,1,1,0.0000
RxNorm Extension,Drug,Branded Pack Box,S,NA,Mapped from,103,115,2.0128
RxNorm Extension,Drug,Branded Pack Box,S,NA,NA,311,311,2.4928
RxNorm Extension,Drug,Branded Pack Box,NA,U,Maps to,21,21,1.3222
RxNorm Extension,Drug,Brand Name,NA,D,NA,4188,4188,3.6220
RxNorm Extension,Drug,Brand Name,NA,U,NA,13979,13979,4.1455
RxNorm Extension,Drug,Brand Name,NA,NA,NA,57081,57081,4.7565
RxNorm Extension,Drug,Clinical Drug,S,NA,Mapped from,10466,12114,4.0198
RxNorm Extension,Drug,Clinical Drug,S,NA,NA,55045,55045,4.7407
RxNorm Extension,Drug,Clinical Drug,NA,D,Maps to,94,94,1.9731
RxNorm Extension,Drug,Clinical Drug,NA,D,NA,1284,1284,3.1086
RxNorm Extension,Drug,Clinical Drug,NA,U,Maps to,1528,1528,3.1841
RxNorm Extension,Drug,Clinical Drug,NA,U,NA,3,3,0.4771
RxNorm Extension,Drug,Clinical Drug Box,S,NA,Mapped from,7341,8266,3.8658
RxNorm Extension,Drug,Clinical Drug Box,S,NA,NA,98874,98874,4.9951
RxNorm Extension,Drug,Clinical Drug Box,NA,D,Maps to,103,103,2.0128
RxNorm Extension,Drug,Clinical Drug Box,NA,D,NA,1133,1133,3.0542
RxNorm Extension,Drug,Clinical Drug Box,NA,U,Maps to,669,669,2.8254
RxNorm Extension,Drug,Clinical Drug Box,NA,U,NA,2,2,0.3010
RxNorm Extension,Drug,Clinical Drug Comp,S,NA,Mapped from,3617,4387,3.5583
RxNorm Extension,Drug,Clinical Drug Comp,S,NA,NA,55602,55602,4.7451
RxNorm Extension,Drug,Clinical Drug Comp,NA,D,Maps to,86,86,1.9345
RxNorm Extension,Drug,Clinical Drug Comp,NA,D,NA,1479,1479,3.1700
RxNorm Extension,Drug,Clinical Drug Comp,NA,U,Maps to,1353,1353,3.1313
RxNorm Extension,Drug,Clinical Drug Comp,NA,NA,NA,33,33,1.5185
RxNorm Extension,Drug,Clinical Drug Form,S,NA,Mapped from,3542,5567,3.5492
RxNorm Extension,Drug,Clinical Drug Form,S,NA,NA,26698,26698,4.4265
RxNorm Extension,Drug,Clinical Drug Form,NA,D,Maps to,81,81,1.9085
RxNorm Extension,Drug,Clinical Drug Form,NA,D,NA,115,115,2.0607
RxNorm Extension,Drug,Clinical Drug Form,NA,U,Maps to,1122,1122,3.0500
RxNorm Extension,Drug,Clinical Drug Form,NA,U,NA,3,3,0.4771
RxNorm Extension,Drug,Clinical Pack,S,NA,Mapped from,33,35,1.5185
RxNorm Extension,Drug,Clinical Pack,S,NA,NA,804,804,2.9053
RxNorm Extension,Drug,Clinical Pack,NA,D,Maps to,16,16,1.2041
RxNorm Extension,Drug,Clinical Pack,NA,D,NA,554,554,2.7435
RxNorm Extension,Drug,Clinical Pack,NA,U,Maps to,24,24,1.3802
RxNorm Extension,Drug,Clinical Pack Box,S,NA,Mapped from,13,14,1.1139
RxNorm Extension,Drug,Clinical Pack Box,S,NA,NA,360,360,2.5563
RxNorm Extension,Drug,Clinical Pack Box,NA,D,NA,642,642,2.8075
RxNorm Extension,Drug,Clinical Pack Box,NA,U,Maps to,10,10,1.0000
RxNorm Extension,Drug,Dose Form,NA,D,NA,6,6,0.7782
RxNorm Extension,Drug,Dose Form,NA,U,NA,15,15,1.1761
RxNorm Extension,Drug,Dose Form,NA,NA,NA,17,17,1.2304
RxNorm Extension,Drug,Ingredient,S,NA,Mapped from,3,58,0.4771
RxNorm Extension,Drug,Ingredient,S,NA,NA,1536,1536,3.1864
RxNorm Extension,Drug,Ingredient,NA,D,NA,973,973,2.9881
RxNorm Extension,Drug,Ingredient,NA,U,Maps to,252,252,2.4014
RxNorm Extension,Drug,Ingredient,NA,NA,NA,3,3,0.4771
RxNorm Extension,Drug,Marketed Product,S,NA,Mapped from,14814,16342,4.1707
RxNorm Extension,Drug,Marketed Product,S,NA,NA,422370,422370,5.6257
RxNorm Extension,Drug,Marketed Product,NA,D,Maps to,442,442,2.6454
RxNorm Extension,Drug,Marketed Product,NA,D,NA,11874,11874,4.0746
RxNorm Extension,Drug,Marketed Product,NA,U,Maps to,34265,34265,4.5349
RxNorm Extension,Drug,Marketed Product,NA,U,NA,154,154,2.1875
RxNorm Extension,Drug,Marketed Product,NA,NA,NA,32,32,1.5051
RxNorm Extension,Drug,Quant Branded Box,S,NA,Mapped from,8594,9917,3.9342
RxNorm Extension,Drug,Quant Branded Box,S,NA,NA,72344,72344,4.8594
RxNorm Extension,Drug,Quant Branded Box,NA,D,Maps to,8,8,0.9031
RxNorm Extension,Drug,Quant Branded Box,NA,D,NA,738,738,2.8681
RxNorm Extension,Drug,Quant Branded Box,NA,U,Maps to,13681,13681,4.1361
RxNorm Extension,Drug,Quant Branded Box,NA,U,NA,399,399,2.6010
RxNorm Extension,Drug,Quant Branded Drug,S,NA,Mapped from,7089,8196,3.8506
RxNorm Extension,Drug,Quant Branded Drug,S,NA,NA,76684,76684,4.8847
RxNorm Extension,Drug,Quant Branded Drug,NA,D,Maps to,15,15,1.1761
RxNorm Extension,Drug,Quant Branded Drug,NA,D,NA,814,814,2.9106
RxNorm Extension,Drug,Quant Branded Drug,NA,U,Maps to,13203,13203,4.1207
RxNorm Extension,Drug,Quant Branded Drug,NA,U,NA,238,238,2.3766
RxNorm Extension,Drug,Quant Clinical Box,S,NA,Mapped from,10312,11425,4.0133
RxNorm Extension,Drug,Quant Clinical Box,S,NA,NA,58885,58885,4.7700
RxNorm Extension,Drug,Quant Clinical Box,NA,D,Maps to,28,28,1.4472
RxNorm Extension,Drug,Quant Clinical Box,NA,D,NA,994,994,2.9974
RxNorm Extension,Drug,Quant Clinical Box,NA,U,Maps to,5890,5890,3.7701
RxNorm Extension,Drug,Quant Clinical Box,NA,U,NA,10,10,1.0000
RxNorm Extension,Drug,Quant Clinical Drug,S,NA,Mapped from,15252,16598,4.1833
RxNorm Extension,Drug,Quant Clinical Drug,S,NA,NA,56752,56752,4.7540
RxNorm Extension,Drug,Quant Clinical Drug,NA,D,Maps to,64,64,1.8062
RxNorm Extension,Drug,Quant Clinical Drug,NA,D,NA,1384,1384,3.1411
RxNorm Extension,Drug,Quant Clinical Drug,NA,U,Maps to,4121,4121,3.6150
RxNorm Extension,Drug,Quant Clinical Drug,NA,U,NA,18,18,1.2553
RxNorm Extension,Drug,Supplier,NA,D,NA,1785,1785,3.2516
RxNorm Extension,Drug,Supplier,NA,U,NA,697,697,2.8432
RxNorm Extension,Drug,Supplier,NA,NA,NA,5292,5292,3.7236
SNOMED,Condition,Clinical Finding,S,NA,Mapped from,29312,175426,4.4670
SNOMED,Condition,Clinical Finding,S,NA,NA,79396,79396,4.8998
SNOMED,Condition,Clinical Finding,NA,D,Maps to,1,1,0.0000
SNOMED,Condition,Clinical Finding,NA,D,NA,9097,9097,3.9589
SNOMED,Condition,Clinical Finding,NA,U,Maps to,42843,42844,4.6319
SNOMED,Condition,Clinical Finding,NA,U,NA,391,391,2.5922
SNOMED,Condition,Clinical Finding,NA,NA,NA,335,335,2.5250
SNOMED,Device,Pharma/Biol Product,S,NA,Mapped from,5,6,0.6990
SNOMED,Device,Pharma/Biol Product,S,NA,NA,195,195,2.2900
SNOMED,Device,Pharma/Biol Product,NA,D,NA,3,3,0.4771
SNOMED,Device,Pharma/Biol Product,NA,U,Maps to,186,186,2.2695
SNOMED,Device,Pharma/Biol Product,NA,U,NA,5,5,0.6990
SNOMED,Device,Physical Object,S,NA,Mapped from,1642,2559,3.2154
SNOMED,Device,Physical Object,S,NA,NA,182667,182667,5.2617
SNOMED,Device,Physical Object,NA,D,NA,368,368,2.5658
SNOMED,Device,Physical Object,NA,U,Maps to,749,749,2.8745
SNOMED,Device,Physical Object,NA,U,NA,17,17,1.2304
SNOMED,Device,Qualifier Value,S,NA,NA,32,32,1.5051
SNOMED,Device,Qualifier Value,NA,D,NA,1,1,0.0000
SNOMED,Device,Substance,S,NA,Mapped from,153,197,2.1847
SNOMED,Device,Substance,S,NA,NA,1109,1109,3.0449
SNOMED,Device,Substance,NA,D,NA,5,5,0.6990
SNOMED,Device,Substance,NA,U,Maps to,11,11,1.0414
SNOMED,Device,Substance,NA,U,NA,1,1,0.0000
SNOMED,Drug,Pharma/Biol Product,NA,D,Maps to,1492,1493,3.1738
SNOMED,Drug,Pharma/Biol Product,NA,D,NA,1870,1870,3.2718
SNOMED,Drug,Pharma/Biol Product,NA,U,Maps to,3799,3806,3.5797
SNOMED,Drug,Pharma/Biol Product,NA,U,NA,3658,3658,3.5632
SNOMED,Drug,Pharma/Biol Product,NA,NA,Maps to,8022,8033,3.9043
SNOMED,Drug,Pharma/Biol Product,NA,NA,NA,160303,160303,5.2049
SNOMED,Drug,Physical Object,NA,NA,NA,33,33,1.5185
SNOMED,Drug,Qualifier Value,NA,D,NA,39,39,1.5911
SNOMED,Drug,Qualifier Value,NA,U,Maps to,1,1,0.0000
SNOMED,Drug,Qualifier Value,NA,U,NA,9,9,0.9542
SNOMED,Drug,Qualifier Value,NA,NA,Maps to,1,1,0.0000
SNOMED,Drug,Qualifier Value,NA,NA,NA,266,266,2.4249
SNOMED,Drug,Substance,NA,D,Maps to,3,3,0.4771
SNOMED,Drug,Substance,NA,D,NA,136,136,2.1335
SNOMED,Drug,Substance,NA,U,Maps to,92,100,1.9638
SNOMED,Drug,Substance,NA,U,NA,116,116,2.0645
SNOMED,Drug,Substance,NA,NA,Maps to,3243,3258,3.5109
SNOMED,Drug,Substance,NA,NA,NA,2703,2703,3.4318
SNOMED,Drug,Undefined,NA,NA,Maps to,3,3,0.4771
SNOMED,Drug,Undefined,NA,NA,NA,2363,2363,3.3735
SNOMED,Gender,Clinical Finding,NA,NA,NA,10,10,1.0000
SNOMED,Measurement,Clinical Finding,S,NA,NA,3,3,0.4771
SNOMED,Measurement,Clinical Finding,NA,U,Maps to,45,45,1.6532
SNOMED,Measurement,Observable Entity,S,NA,Mapped from,21,27,1.3222
SNOMED,Measurement,Observable Entity,S,NA,NA,236,236,2.3729
SNOMED,Measurement,Observable Entity,NA,U,Maps to,4,4,0.6021
SNOMED,Measurement,Procedure,S,NA,Mapped from,2493,5255,3.3967
SNOMED,Measurement,Procedure,S,NA,NA,8417,8417,3.9252
SNOMED,Measurement,Procedure,NA,D,NA,3,3,0.4771
SNOMED,Measurement,Procedure,NA,U,Maps to,64,64,1.8062
SNOMED,Meas Value,Qualifier Value,S,NA,Mapped from,21,36,1.3222
SNOMED,Meas Value,Qualifier Value,S,NA,NA,202,202,2.3054
SNOMED,Meas Value,Qualifier Value,NA,U,Maps to,1,1,0.0000
SNOMED,Meas Value Operator,Qualifier Value,S,NA,NA,5,5,0.6990
SNOMED,Metadata,Inactive Concept,NA,NA,NA,8,8,0.9031
SNOMED,Metadata,Model Comp,NA,D,NA,104,104,2.0170
SNOMED,Metadata,Model Comp,NA,U,NA,1,1,0.0000
SNOMED,Metadata,Model Comp,NA,NA,NA,685,685,2.8357
SNOMED,Metadata,Namespace Concept,NA,NA,NA,220,220,2.3424
SNOMED,Metadata,Navi Concept,NA,U,Maps to,11,11,1.0414
SNOMED,Metadata,Navi Concept,NA,U,NA,2,2,0.3010
SNOMED,Metadata,Navi Concept,NA,NA,NA,110,110,2.0414
SNOMED,Metadata,Special Concept,NA,NA,NA,1,1,0.0000
SNOMED,Metadata,Undefined,NA,NA,NA,1,1,0.0000
SNOMED,Observation,Admin Concept,NA,D,NA,56,56,1.7482
SNOMED,Observation,Admin Concept,NA,U,Maps to,13,13,1.1139
SNOMED,Observation,Admin Concept,NA,U,NA,12,12,1.0792
SNOMED,Observation,Attribute,S,NA,Mapped from,46,57,1.6628
SNOMED,Observation,Attribute,S,NA,NA,1034,1034,3.0145
SNOMED,Observation,Attribute,NA,D,NA,5,5,0.6990
SNOMED,Observation,Attribute,NA,U,Maps to,33,33,1.5185
SNOMED,Observation,Attribute,NA,NA,NA,5,5,0.6990
SNOMED,Observation,Biological Function,NA,U,Maps to,2,2,0.3010
SNOMED,Observation,Body Structure,NA,D,NA,860,860,2.9345
SNOMED,Observation,Body Structure,NA,U,Maps to,1414,1414,3.1504
SNOMED,Observation,Body Structure,NA,U,NA,16,16,1.2041
SNOMED,Observation,Clinical Finding,S,NA,Mapped from,4349,17209,3.6384
SNOMED,Observation,Clinical Finding,S,NA,NA,14042,14042,4.1474
SNOMED,Observation,Clinical Finding,NA,D,NA,232,232,2.3655
SNOMED,Observation,Clinical Finding,NA,U,Maps to,809,809,2.9079
SNOMED,Observation,Context-dependent,S,NA,Mapped from,1720,4059,3.2355
SNOMED,Observation,Context-dependent,S,NA,NA,4312,4312,3.6347
SNOMED,Observation,Context-dependent,NA,D,NA,1787,1787,3.2521
SNOMED,Observation,Context-dependent,NA,U,Maps to,5500,5500,3.7404
SNOMED,Observation,Context-dependent,NA,U,NA,85,85,1.9294
SNOMED,Observation,Context-dependent,NA,NA,NA,20,20,1.3010
SNOMED,Observation,Event,S,NA,Mapped from,110,1594,2.0414
SNOMED,Observation,Event,S,NA,NA,1827,1827,3.2617
SNOMED,Observation,Event,NA,D,NA,97,97,1.9868
SNOMED,Observation,Event,NA,U,Maps to,2153,2153,3.3330
SNOMED,Observation,Event,NA,U,NA,6,6,0.7782
SNOMED,Observation,Linkage Assertion,S,NA,NA,9,9,0.9542
SNOMED,Observation,Location,S,NA,Mapped from,93,296,1.9685
SNOMED,Observation,Location,S,NA,NA,1399,1399,3.1458
SNOMED,Observation,Location,NA,D,NA,56,56,1.7482
SNOMED,Observation,Location,NA,U,Maps to,66,66,1.8195
SNOMED,Observation,Location,NA,U,NA,47,47,1.6721
SNOMED,Observation,Morph Abnormality,S,NA,Mapped from,622,1119,2.7938
SNOMED,Observation,Morph Abnormality,S,NA,NA,4205,4205,3.6238
SNOMED,Observation,Morph Abnormality,NA,D,NA,443,443,2.6464
SNOMED,Observation,Morph Abnormality,NA,U,Maps to,848,848,2.9284
SNOMED,Observation,Observable Entity,S,NA,Mapped from,975,1435,2.9890
SNOMED,Observation,Observable Entity,S,NA,NA,12830,12830,4.1082
SNOMED,Observation,Observable Entity,NA,D,NA,55,55,1.7404
SNOMED,Observation,Observable Entity,NA,U,Maps to,1216,1216,3.0849
SNOMED,Observation,Observable Entity,NA,U,NA,3,3,0.4771
SNOMED,Observation,Observable Entity,NA,NA,NA,2,2,0.3010
SNOMED,Observation,Organism,S,NA,Mapped from,3497,4037,3.5437
SNOMED,Observation,Organism,S,NA,NA,30935,30935,4.4905
SNOMED,Observation,Organism,NA,D,NA,122,122,2.0864
SNOMED,Observation,Organism,NA,U,Maps to,3999,3999,3.6020
SNOMED,Observation,Organism,NA,U,NA,7,7,0.8451
SNOMED,Observation,Organism,NA,NA,NA,97,97,1.9868
SNOMED,Observation,Patient Status,NA,D,NA,1,1,0.0000
SNOMED,Observation,Pharma/Biol Product,S,NA,Mapped from,68,83,1.8325
SNOMED,Observation,Pharma/Biol Product,S,NA,NA,1729,1729,3.2378
SNOMED,Observation,Pharma/Biol Product,NA,D,Maps to,462,462,2.6646
SNOMED,Observation,Pharma/Biol Product,NA,D,NA,4384,4384,3.6419
SNOMED,Observation,Pharma/Biol Product,NA,U,Maps to,2229,2241,3.3481
SNOMED,Observation,Pharma/Biol Product,NA,U,NA,893,893,2.9509
SNOMED,Observation,Pharma/Biol Product,NA,NA,NA,1,1,0.0000
SNOMED,Observation,Physical Force,S,NA,Mapped from,17,41,1.2304
SNOMED,Observation,Physical Force,S,NA,NA,180,180,2.2553
SNOMED,Observation,Physical Force,NA,U,Maps to,7,7,0.8451
SNOMED,Observation,Physical Object,S,NA,Mapped from,30,35,1.4771
SNOMED,Observation,Physical Object,S,NA,NA,830,830,2.9191
SNOMED,Observation,Physical Object,NA,D,NA,4,4,0.6021
SNOMED,Observation,Physical Object,NA,U,Maps to,589,589,2.7701
SNOMED,Observation,Procedure,S,NA,Mapped from,1510,2462,3.1790
SNOMED,Observation,Procedure,S,NA,NA,5851,5851,3.7672
SNOMED,Observation,Procedure,NA,D,NA,25,25,1.3979
SNOMED,Observation,Procedure,NA,U,Maps to,197,197,2.2945
SNOMED,Observation,Qualifier Value,S,NA,Mapped from,605,1336,2.7818
SNOMED,Observation,Qualifier Value,S,NA,NA,13481,13481,4.1297
SNOMED,Observation,Qualifier Value,NA,D,NA,471,471,2.6730
SNOMED,Observation,Qualifier Value,NA,U,Maps to,946,948,2.9759
SNOMED,Observation,Qualifier Value,NA,U,NA,80,80,1.9031
SNOMED,Observation,Qualifier Value,NA,NA,NA,174,174,2.2405
SNOMED,Observation,Record Artifact,NA,D,NA,63,63,1.7993
SNOMED,Observation,Record Artifact,NA,U,Maps to,5,5,0.6990
SNOMED,Observation,Record Artifact,NA,U,NA,25,25,1.3979
SNOMED,Observation,Social Context,S,NA,Mapped from,1690,2358,3.2279
SNOMED,Observation,Social Context,S,NA,NA,2584,2584,3.4123
SNOMED,Observation,Social Context,NA,D,NA,523,523,2.7185
SNOMED,Observation,Social Context,NA,U,Maps to,2423,2423,3.3844
SNOMED,Observation,Social Context,NA,U,NA,245,245,2.3892
SNOMED,Observation,Social Context,NA,NA,NA,1,1,0.0000
SNOMED,Observation,Special Concept,NA,D,NA,28,28,1.4472
SNOMED,Observation,Special Concept,NA,U,NA,2,2,0.3010
SNOMED,Observation,Specimen,NA,D,NA,2,2,0.3010
SNOMED,Observation,Specimen,NA,U,Maps to,123,123,2.0899
SNOMED,Observation,Staging / Scales,S,NA,Mapped from,300,349,2.4771
SNOMED,Observation,Staging / Scales,S,NA,NA,1727,1727,3.2373
SNOMED,Observation,Staging / Scales,NA,D,NA,5,5,0.6990
SNOMED,Observation,Staging / Scales,NA,U,Maps to,373,373,2.5717
SNOMED,Observation,Staging / Scales,NA,NA,NA,12,12,1.0792
SNOMED,Observation,Substance,S,NA,Mapped from,1512,1989,3.1796
SNOMED,Observation,Substance,S,NA,NA,18991,18991,4.2785
SNOMED,Observation,Substance,NA,D,Maps to,5,5,0.6990
SNOMED,Observation,Substance,NA,D,NA,443,443,2.6464
SNOMED,Observation,Substance,NA,U,Maps to,3753,4206,3.5744
SNOMED,Observation,Substance,NA,U,NA,330,330,2.5185
SNOMED,Observation,Substance,NA,NA,NA,59,59,1.7709
SNOMED,Observation,Undefined,S,NA,Mapped from,1,1,0.0000
SNOMED,Observation,Undefined,S,NA,NA,399,399,2.6010
SNOMED,Observation,Undefined,NA,D,NA,105,105,2.0212
SNOMED,Observation,Undefined,NA,U,Maps to,948,948,2.9768
SNOMED,Observation,Undefined,NA,U,NA,9,9,0.9542
SNOMED,Observation,Undefined,NA,NA,NA,1,1,0.0000
SNOMED,Place of Service,Location,NA,D,NA,22,22,1.3424
SNOMED,Place of Service,Location,NA,U,NA,1,1,0.0000
SNOMED,Place of Service,Location,NA,NA,Maps to,5,5,0.6990
SNOMED,Place of Service,Location,NA,NA,NA,368,368,2.5658
SNOMED,Place of Service,Social Context,NA,NA,NA,1,1,0.0000
SNOMED,Procedure,Clinical Finding,S,NA,Mapped from,1,1,0.0000
SNOMED,Procedure,Clinical Finding,S,NA,NA,4,4,0.6021
SNOMED,Procedure,Clinical Finding,NA,U,Maps to,2,2,0.3010
SNOMED,Procedure,Procedure,S,NA,Mapped from,10504,19771,4.0214
SNOMED,Procedure,Procedure,S,NA,NA,39432,39432,4.5958
SNOMED,Procedure,Procedure,NA,D,NA,4909,4909,3.6910
SNOMED,Procedure,Procedure,NA,U,Maps to,22752,22762,4.3570
SNOMED,Procedure,Procedure,NA,U,NA,157,157,2.1959
SNOMED,Procedure,Procedure,NA,NA,NA,52,52,1.7160
SNOMED,Provider Specialty,Clinical Finding,NA,NA,NA,2,2,0.3010
SNOMED,Provider Specialty,Social Context,NA,D,NA,1,1,0.0000
SNOMED,Provider Specialty,Social Context,NA,U,NA,1,1,0.0000
SNOMED,Provider Specialty,Social Context,NA,NA,Maps to,6,6,0.7782
SNOMED,Provider Specialty,Social Context,NA,NA,NA,502,502,2.7007
SNOMED,Race,Clinical Finding,NA,NA,NA,1,1,0.0000
SNOMED,Race,Social Context,NA,U,NA,9,9,0.9542
SNOMED,Race,Social Context,NA,NA,NA,301,301,2.4786
SNOMED,Relationship,Social Context,S,NA,Mapped from,65,176,1.8129
SNOMED,Relationship,Social Context,S,NA,NA,129,129,2.1106
SNOMED,Relationship,Social Context,NA,U,Maps to,4,4,0.6021
SNOMED,Route,Qualifier Value,S,NA,Mapped from,18,23,1.2553
SNOMED,Route,Qualifier Value,S,NA,NA,165,165,2.2175
SNOMED,Route,Qualifier Value,NA,U,Maps to,13,13,1.1139
SNOMED,Spec Anatomic Site,Body Structure,S,NA,Mapped from,1407,1661,3.1483
SNOMED,Spec Anatomic Site,Body Structure,S,NA,NA,32182,32182,4.5076
SNOMED,Spec Anatomic Site,Body Structure,NA,D,NA,12,12,1.0792
SNOMED,Spec Anatomic Site,Body Structure,NA,U,Maps to,214,214,2.3304
SNOMED,Spec Anatomic Site,Body Structure,NA,NA,NA,7,7,0.8451
SNOMED,Spec Disease Status,Qualifier Value,S,NA,NA,3,3,0.4771
SNOMED,Specimen,Specimen,S,NA,Mapped from,101,123,2.0043
SNOMED,Specimen,Specimen,S,NA,NA,1698,1698,3.2299
SNOMED,Specimen,Specimen,NA,U,Maps to,12,12,1.0792
SNOMED,Specimen,Specimen,NA,NA,NA,4,4,0.6021
SNOMED,Type Concept,Admin Concept,NA,NA,NA,321,321,2.5065
SNOMED,Type Concept,Clinical Finding,NA,NA,NA,1,1,0.0000
SNOMED,Type Concept,Procedure,NA,D,NA,1,1,0.0000
SNOMED,Type Concept,Procedure,NA,NA,NA,1,1,0.0000
SNOMED,Type Concept,Qualifier Value,NA,D,NA,1,1,0.0000
SNOMED,Type Concept,Qualifier Value,NA,NA,NA,170,170,2.2304
SNOMED,Type Concept,Record Artifact,NA,U,Maps to,1,1,0.0000
SNOMED,Type Concept,Record Artifact,NA,U,NA,91,91,1.9590
SNOMED,Type Concept,Record Artifact,NA,NA,NA,1121,1121,3.0496
SNOMED,Unit,Qualifier Value,S,NA,Mapped from,69,72,1.8388
SNOMED,Unit,Qualifier Value,S,NA,NA,91,91,1.9590
SNOMED,Unit,Qualifier Value,NA,U,Maps to,76,109,1.8808
Specialty,Provider Specialty,Specialty,S,NA,Mapped from,4,11,0.6021
Specialty,Provider Specialty,Specialty,S,NA,NA,112,112,2.0492
Specialty,Provider Specialty,Specialty,NA,D,NA,4,4,0.6021
SPL,Device,Device,C,NA,Maps to,775,775,2.8893
SPL,Device,Device,C,NA,NA,465,465,2.6675
SPL,Drug,Animal Drug,C,NA,NA,204,204,2.3096
SPL,Drug,Cellular Therapy,C,NA,Maps to,3,3,0.4771
SPL,Drug,Cellular Therapy,C,NA,NA,23,23,1.3617
SPL,Drug,Ingredient,C,NA,NA,703,703,2.8470
SPL,Drug,Ingredient,NA,D,NA,5,5,0.6990
SPL,Drug,Non-Stand Allergenic,C,NA,Maps to,18,1154,1.2553
SPL,Drug,Non-Stand Allergenic,C,NA,NA,153,153,2.1847
SPL,Drug,OTC Drug,C,NA,Maps to,19024,19050,4.2793
SPL,Drug,OTC Drug,C,NA,NA,141196,141196,5.1498
SPL,Drug,OTC Drug,NA,D,Maps to,5,5,0.6990
SPL,Drug,OTC Drug,NA,D,NA,32,32,1.5051
SPL,Drug,Plasma Derivative,C,NA,Maps to,69,69,1.8388
SPL,Drug,Plasma Derivative,C,NA,NA,470,470,2.6721
SPL,Drug,Plasma Derivative,NA,D,NA,2,2,0.3010
SPL,Drug,Prescription Drug,C,NA,Maps to,24023,29280,4.3806
SPL,Drug,Prescription Drug,C,NA,NA,91958,91958,4.9636
SPL,Drug,Prescription Drug,NA,D,Maps to,70,70,1.8451
SPL,Drug,Prescription Drug,NA,D,NA,56,56,1.7482
SPL,Drug,SPL,NA,D,NA,1,1,0.0000
SPL,Drug,SPL,NA,U,NA,30,30,1.4771
SPL,Drug,SPL,NA,NA,Maps to,8109,10891,3.9090
SPL,Drug,SPL,NA,NA,NA,6578,6578,3.8181
SPL,Drug,Standard Allergenic,C,NA,Maps to,11,11,1.0414
SPL,Drug,Standard Allergenic,C,NA,NA,79,79,1.8976
SPL,Drug,Supplement,C,NA,Maps to,34,34,1.5315
SPL,Drug,Supplement,C,NA,NA,350,350,2.5441
SPL,Drug,Vaccine,C,NA,Maps to,43,43,1.6335
SPL,Drug,Vaccine,C,NA,NA,343,343,2.5353
SPL,Drug,Vaccine,NA,D,Maps to,1,1,0.0000
SPL,Observation,Cosmetic,C,NA,Maps to,2,2,0.3010
SPL,Observation,Cosmetic,C,NA,NA,100,100,2.0000
SPL,Observation,Food,C,NA,Maps to,2,2,0.3010
SPL,Observation,Food,C,NA,NA,14,14,1.1461
Sponsor,Sponsor,Sponsor,S,NA,NA,6,6,0.7782
UB04 Point of Origin,Visit,UB04 Point of Origin,S,NA,NA,10,10,1.0000
UB04 Pri Typ of Adm,Observation,UB04 Pri Typ of Adm,S,NA,NA,6,6,0.7782
UB04 Pt dis status,Visit,UB04 Pt dis status,S,NA,NA,41,41,1.6128
UB04 Typ bill,Visit,Frequency code,NA,NA,NA,20,20,1.3010
UB04 Typ bill,Visit,Full,NA,NA,Maps to,217,217,2.3365
UB04 Typ bill,Visit,Full,NA,NA,NA,30,30,1.4771
UB04 Typ bill,Visit,Typ bill 3 digits,NA,NA,NA,31,31,1.4914
UCUM,Unit,Canonical Unit,S,NA,NA,35,35,1.5441
UCUM,Unit,Unit,S,NA,Mapped from,84,94,1.9243
UCUM,Unit,Unit,S,NA,NA,767,767,2.8848
UCUM,Unit,Unit,NA,D,Maps to,1,1,0.0000
UCUM,Unit,Unit,NA,D,NA,30,30,1.4771
UCUM,Unit,Unit,NA,U,Maps to,58,58,1.7634
UCUM,Unit,Unit,NA,U,NA,1,1,0.0000
VA Class,Drug,VA Class,C,NA,NA,486,486,2.6866
Visit,Visit,Visit,S,NA,NA,12,12,1.0792
Visit Type,Type Concept,Visit Type,S,NA,NA,18,18,1.2553
Vocabulary,Metadata,Vocabulary,NA,D,NA,1,1,0.0000
Vocabulary,Metadata,Vocabulary,NA,NA,NA,98,98,1.9912